URL,Title,Description,Content
https://www.engadget.com/google-will-soon-restrict-loan-apps-from-accessing-users-photos-and-contacts-100906959.html,Google will soon restrict loan apps from accessing users photos and contacts,Google will implement a new rule for apps providing personal loans starting on May 31st that could help protect users from abuse and harassment The tech giant has updated its policy via TechCrunch to prohibit cash lending applications from being able to ac,Google will implement a new rule for apps providing personal loans starting on May 31st that could help protect users from abuse and harassment The tech giant has updated its policy via TechCrunch 2150 chars
https://gizmodo.com/apple-iphone-ipad-weather-app-ios-1850297880,Apples Weather App Is on the Fritz,The Apple weather app appears to be struggling to meet consumer expectations by simply not working As more and more people rely on technology weve become dependent on it for nearly everything including the usually quick and easy step of referring to a w,The Apple weather app appears to be struggling to meet consumer expectations by simply not working As more and more people rely on technology weve become dependent on it for nearly everything incl 2234 chars
https://gizmodo.com/gaming-shelf-ttrpg-guns-blazing-basheer-ghouse-kickstar-1850293472,The Gaming Shelf Comes Out Guns Blazing,Im actually delighted to be featuring Gosu Xone of the few times board games to have made it onto this list Im simply not as plugged into what board games are coming out Im sorry everyone Gosu X is a prebuild deck builder that encourages everincreas,Im actually delighted to be featuring Gosu Xone of the few times board games to have made it onto this list Im simply not as plugged into what board games are coming out Im sorry everyone Gosu X  7274 chars
https://www.bbc.co.uk/news/world-asia-india-65200441,World Startup Convention The India startup gala that exploded into a scandal,An event that dubbed itself the worlds biggest funding festival has been accused of duping entrepreneurs,In March hundreds of budding entrepreneurs descended on Noida a suburb of Indias capital Delhi to attend a threeday convention that had dubbed itself the worlds biggest funding festival Eag 7725 chars
https://www.bbc.co.uk/news/world-asia-india-65160217,Rahul Gandhi Indias Congress leader to appeal jail sentence in defamation case,The Indian opposition leader was sentenced to two years in jail for his comments about PM Modis name,Indian opposition leader Rahul Gandhi is set to appeal on Monday against his conviction and jail sentence in a criminal defamation case He was sentenced to two years in jail by a court in Gujarat s 3063 chars
https://www.bbc.co.uk/news/world-asia-india-65134372,Madhya Pradesh At least 35 die after falling into a stepwell,The incident took place in Indias Madhya Pradesh state during a prayer ceremony at a temple,At least 35 people have been killed after falling into a stepwell while offering prayers at a temple in the central Indian state of Madhya Pradesh Fourteen others have been rescued and one person i 1461 chars
https://www.cnn.com/travel/article/india-cheetahs-born-intl-hnk/index.html,India welcomes its first newborn cheetahs in more than 7 decades,More than 70 years after cheetahs were declared officially extinct in India the country is now home to four newborn cheetahs Indias Environment Minister announced Wednesday,More than 70 years after cheetahs were declared officially extinct in India the country is now home to four newborn cheetahs Indias Environment Minister announced Wednesday The cubs were born to 2547 chars
https://www.cnn.com/2023/04/06/tech/apple-first-india-store-opening-intl-hnk/index.html,Apple is set to open its first retail store in Mumbai as it bets big on India,Apple is finally getting ready to open its first physical store in the country as it bets on India as a market and manufacturing base,Apple is finally getting ready to open its first physical store in the country as it bets on India as a market and manufacturing base The company teased the opening of its retail outlet in a brief  3499 chars
https://www.cnn.com/2023/04/15/us/where-immigrants-come-from-cec/index.html,Where immigrants come from and where they go after reaching the US,Heres where immigrants to the US come from how migration patterns have shifted in the last 60 years and where immigrants settle once they get to the US,The US is home to more immigrants than any other country more than 45 million people according to the latest Census estimates Thats 136 of the US population about the same as it was a century a 5653 chars
https://www.cnn.com/travel/article/world-best-cities-public-transit-photos/index.html,The worlds best cities for public transit according to Time Out,A survey from Time Out ranks the 19 best cities for mass transit including Berlin Tokyo and New York,Editors Note Sign up for Unlocking the World CNN Travels weekly newsletter Get the latest news in aviation food and drink where to stay and other travel developments Europe and Asia dominate a 3539 chars
https://www.cnn.com/style/article/marina-tabassum-architect-bangladesh-hnk-spc-intl/index.html,Meet the awardwinning architect building flatpack homes for flood victims,In Bangladesh Khudi Bari homes can be packed up and relocated but are still able to withstand heavy wind and rain They were created by architect Marina Tabassum who hopes to better the lives of those in floodprone regions,Among the stretching plains of Bangladeshs river deltas the Khudi Bari looks small The twostory structure resembles a freestanding treehouse with a pitched roof covering a platform that balan 7191 chars
https://www.bbc.co.uk/news/world-asia-india-65108865,Ambani Adani Should India break up its big conglomerates,A former deputy governor of Indias central bank says five big firms are hindering competition in the market,India should dismantle its large conglomerates to increase competition and reduce their ability to charge higher prices former Reserve Bank of India deputy governor Viral Acharya has argued in a new 5437 chars
https://www.bbc.co.uk/news/world-asia-india-65173980,Malyana riots India Muslim victims despair after court order,Last week a court acquitted 41 Hindu men accused in the 1987 massacre of 72 Muslims in Malyana village,The recent order of a trial court in the northern Indian state of Uttar Pradesh setting free 41 Hindu men accused of religious violence against Muslims 36 years ago has plunged the survivors and fa 8049 chars
https://www.bbc.co.uk/news/world-asia-india-64796715,Bloodywood The Indian band making metal great again,Can the Delhibased Bloodywood change the course of metal music in India,Media caption Bloodywood The Indian metal band making waves globally Make metal great again Thats what Bloodywood a fourmember metal band based in Indias capital Delhi wanted to do when  6821 chars
https://www.bbc.co.uk/news/world-asia-india-65272267,Coachella 2023 South Asian artists and fans take over festival,Indias Diljit Singh Dosanjh and Pakistans Ali Sethi are among South Asian acts performing,South Asian music fans are flocking to Coachella this year as it offers blockbuster attractions from the community The Coachella Valley Music amp Arts Festival among the most profitable music e 5318 chars
https://www.bbc.co.uk/news/health-65252511,Ghana first to approve worldchanger malaria vaccine,The vaccine  R21  was up to 80 effective in earlystage clinical trials,Ghana is the first country to approve a new malaria vaccine that has been described as a worldchanger by the scientists who developed it The vaccine  called R21  appears to be hugely effectiv 2318 chars
https://www.bbc.co.uk/news/world-65130220,Lazarus Heist The intercontinental ATM theft that netted 14m in two hours,How criminals seemingly working for North Korea were able to plunder cashpoints in 28 countries,Imagine youre a lowwage worker in India who is offered a days employment as an extra in a Bollywood film Your role To go to a cash point and withdraw some money In 2018 several men in Mahara 10905 chars
https://consent.google.com/ml?continue=https://news.google.com/rss/articles/CBMiUWh0dHBzOi8vd3d3LnJldXRlcnMuY29tL3dvcmxkL2luZGlhL2luZGlhLWN1dHMtYWxsLXdpbmRmYWxsLXRheC1jcnVkZS0yMDIzLTA0LTA0L9IBAA?oc%3D5&gl=FR&hl=en-US&cm=2&pc=n&src=1,India cuts all windfall tax on crude  Reuters India,India cuts all windfall tax on crude Reuters India,We use cookies and data toulliDeliver and maintain Google servicesliliTrack outages and protect against spam fraud and abuseliliMeasure audience engagement and site statistics to unde 1131 chars
https://consent.google.com/ml?continue=https://news.google.com/rss/articles/CBMiUmh0dHBzOi8vd3d3LnJldXRlcnMuY29tL3dvcmxkL2luZGlhL2luZGlhLWhvbGRzLWtleS1yYXRlLXN1cnByaXNlLW1vdmUtMjAyMy0wNC0wNi_SAQA?oc%3D5&gl=FR&hl=en-US&cm=2&pc=n&src=1,India holds key rate in surprise move  Reuters India,India holds key rate in surprise move Reuters India,We use cookies and data toulliDeliver and maintain Google servicesliliTrack outages and protect against spam fraud and abuseliliMeasure audience engagement and site statistics to unde 1131 chars
https://consent.google.com/ml?continue=https://news.google.com/rss/articles/CBMiZWh0dHBzOi8vd3d3LnJldXRlcnMuY29tL3dvcmxkL2luZGlhL2luZGlhLWV4dGVuZHMtZXhwb3J0LWN1cmJzLWdhc29saW5lLWRpZXNlbC1nb3Zlcm5tZW50LTIwMjMtMDQtMDIv0gEA?oc%3D5&gl=FR&hl=en-US&cm=2&pc=n&src=1,India extends export curbs on gasoline diesel  government  Reuters India,India extends export curbs on gasoline diesel  government Reuters India,We use cookies and data toulliDeliver and maintain Google servicesliliTrack outages and protect against spam fraud and abuseliliMeasure audience engagement and site statistics to unde 1131 chars
https://consent.google.com/ml?continue=https://news.google.com/rss/articles/CBMicGh0dHBzOi8vd3d3LnJldXRlcnMuY29tL3dvcmxkL2luZGlhL3Vicy1jb25zaWRlcnMtcmV0YWluaW5nLWNyZWRpdC1zdWlzc2VzLWluZGlhLXVuaXQtYmxvb21iZXJnLW5ld3MtMjAyMy0wNC0xMi_SAQA?oc%3D5&gl=FR&hl=en-US&cm=2&pc=n&src=1,UBS considers retaining Credit Suisses India unit  Bloomberg News  Reuters India,UBS considers retaining Credit Suisses India unit  Bloomberg News Reuters India,We use cookies and data toulliDeliver and maintain Google servicesliliTrack outages and protect against spam fraud and abuseliliMeasure audience engagement and site statistics to unde 1131 chars
https://consent.google.com/ml?continue=https://news.google.com/rss/articles/CBMidmh0dHBzOi8vd3d3LnJldXRlcnMuY29tL3dvcmxkL2luZGlhL2luZGlhLXBsYW5zLXBhbmVsLWhlbHAtcmVzb2x2ZS1zdGF0ZS1vd25lZC1maXJtcy1sYW5kLWRpc3B1dGVzLXNvdXJjZXMtMjAyMy0wNC0wNi_SAQA?oc%3D5&gl=FR&hl=en-US&cm=2&pc=n&src=1,India plans panel to help resolve stateowned firms land disputes   Reuters India,India plans panel to help resolve stateowned firms land disputes  Reuters India,We use cookies and data toulliDeliver and maintain Google servicesliliTrack outages and protect against spam fraud and abuseliliMeasure audience engagement and site statistics to unde 1131 chars
https://consent.google.com/ml?continue=https://news.google.com/rss/articles/CBMibGh0dHBzOi8vd3d3LnJldXRlcnMuY29tL3dvcmxkL2luZGlhL2luZGlhLWluZmxhdGlvbi1zZWVuLWVhc2luZy1tYXJjaC1zb2Z0ZW5pbmctZm9vZC1wcmljZS1yaXNlcy0yMDIzLTA0LTA2L9IBAA?oc%3D5&gl=FR&hl=en-US&cm=2&pc=n&src=1,India inflation seen easing in March on softening food price rises   Reuters India,India inflation seen easing in March on softening food price rises  Reuters India,We use cookies and data toulliDeliver and maintain Google servicesliliTrack outages and protect against spam fraud and abuseliliMeasure audience engagement and site statistics to unde 1131 chars
https://consent.google.com/ml?continue=https://news.google.com/rss/articles/CBMiaGh0dHBzOi8vd3d3LnJldXRlcnMuY29tL3dvcmxkL2luZGlhL2luZGlhLWFza3MtYnJpdGFpbi1pbmNyZWFzZWQtbW9uaXRvcmluZy1zaWtoLXNlcGFyYXRpc3RzLTIwMjMtMDQtMTIv0gEA?oc%3D5&gl=FR&hl=en-US&cm=2&pc=n&src=1,India asks Britain for increased monitoring of Sikh separatists  Reuters India,India asks Britain for increased monitoring of Sikh separatists Reuters India,We use cookies and data toulliDeliver and maintain Google servicesliliTrack outages and protect against spam fraud and abuseliliMeasure audience engagement and site statistics to unde 1131 chars
https://consent.google.com/ml?continue=https://news.google.com/rss/articles/CBMicWh0dHBzOi8vd3d3LnJldXRlcnMuY29tL3dvcmxkL2luZGlhL3BvbGljZS1hcnJlc3QtMzYtYWZ0ZXItY2xhc2hlcy1yZWxpZ2lvdXMtcHJvY2Vzc2lvbi1lYXN0ZXJuLWluZGlhLTIwMjMtMDMtMzEv0gEA?oc%3D5&gl=FR&hl=en-US&cm=2&pc=n&src=1,Police arrest 36 after clashes at religious procession in eastern India  Reuters India,Police arrest 36 after clashes at religious procession in eastern India Reuters India,We use cookies and data toulliDeliver and maintain Google servicesliliTrack outages and protect against spam fraud and abuseliliMeasure audience engagement and site statistics to unde 1131 chars
https://consent.google.com/ml?continue=https://news.google.com/rss/articles/CBMiYWh0dHBzOi8vd3d3LnJldXRlcnMuY29tL3dvcmxkL2luZGlhL3dvcmxkLWJhbmstbG93ZXJzLWluZGlhLTIwMjMyNC1ncm93dGgtZm9yZWNhc3QtNjMtMjAyMy0wNC0wNC_SAQA?oc%3D5&gl=FR&hl=en-US&cm=2&pc=n&src=1,World Bank lowers India current fiscal year growth forecast to 63  Reuters India,World Bank lowers India current fiscal year growth forecast to 63 Reuters India,We use cookies and data toulliDeliver and maintain Google servicesliliTrack outages and protect against spam fraud and abuseliliMeasure audience engagement and site statistics to unde 1131 chars
https://consent.google.com/ml?continue=https://news.google.com/rss/articles/CBMieWh0dHBzOi8vd3d3LnJldXRlcnMuY29tL3dvcmxkL2luZGlhL2luZGlhLWNiYW5rLXNldC1yYWlzZS1yYXRlcy0yNS1icHMtZWxldmF0ZWQtaW5mbGF0aW9uLWtlZXAtaGF3a2lzaC1zdGFuY2UtMjAyMy0wNC0wNi_SAQA?oc%3D5&gl=FR&hl=en-US&cm=2&pc=n&src=1,India cbank set to raise rates 25 bps on elevated inflation keep   Reuters India,India cbank set to raise rates 25 bps on elevated inflation keep  Reuters India,We use cookies and data toulliDeliver and maintain Google servicesliliTrack outages and protect against spam fraud and abuseliliMeasure audience engagement and site statistics to unde 1131 chars
https://consent.google.com/ml?continue=https://news.google.com/rss/articles/CBMibmh0dHBzOi8vd3d3LnJldXRlcnMuY29tL3dvcmxkL2luZGlhL2ZvdXItcGVvcGxlLWtpbGxlZC1maXJpbmctaW5jaWRlbnQtbWlsaXRhcnktc3RhdGlvbi1pbmRpYS1hcm15LTIwMjMtMDQtMTIv0gEA?oc%3D5&gl=FR&hl=en-US&cm=2&pc=n&src=1,Four people killed in firing incident in military station India Army  Reuters India,Four people killed in firing incident in military station India Army Reuters India,We use cookies and data toulliDeliver and maintain Google servicesliliTrack outages and protect against spam fraud and abuseliliMeasure audience engagement and site statistics to unde 1131 chars
https://consent.google.com/ml?continue=https://news.google.com/rss/articles/CBMieWh0dHBzOi8vd3d3LnJldXRlcnMuY29tL3dvcmxkL2luZGlhL2luZGlhLXN0YWxscy10cmFkZS10YWxrcy13aXRoLWJyaXRhaW4tb3Zlci1zaWtoLWV4dHJlbWlzdC1ncm91cC10aGUtdGltZXMtMjAyMy0wNC0xMC_SAQA?oc%3D5&gl=FR&hl=en-US&cm=2&pc=n&src=1,India stalls trade talks with Britain over Sikh extremist group The   Reuters India,India stalls trade talks with Britain over Sikh extremist group The  Reuters India,We use cookies and data toulliDeliver and maintain Google servicesliliTrack outages and protect against spam fraud and abuseliliMeasure audience engagement and site statistics to unde 1131 chars
https://consent.google.com/ml?continue=https://news.google.com/rss/articles/CBMiZmh0dHBzOi8vd3d3LnJldXRlcnMuY29tL3dvcmxkL2luZGlhL2luZGlhLWV4ZW1wdHMtaW1wb3J0LXRheC1wcmljZXktcmFyZS1kaXNlYXNlLW1lZGljaW5lcy0yMDIzLTAzLTMwL9IBAA?oc%3D5&gl=FR&hl=en-US&cm=2&pc=n&src=1,India exempts import tax on pricey rare disease medicines  Reuters India,India exempts import tax on pricey rare disease medicines Reuters India,We use cookies and data toulliDeliver and maintain Google servicesliliTrack outages and protect against spam fraud and abuseliliMeasure audience engagement and site statistics to unde 1131 chars
https://consent.google.com/ml?continue=https://news.google.com/rss/articles/CBMiaGh0dHBzOi8vd3d3LnJldXRlcnMuY29tL3dvcmxkL2luZGlhL2luZGlhLWNvbmRlbW5zLW11c2xpbS1ncm91cC1vaWNzLXN0YW5jZS12aW9sZW5jZS1jb3VudHJ5LTIwMjMtMDQtMDQv0gEA?oc%3D5&gl=FR&hl=en-US&cm=2&pc=n&src=1,India condemns Muslim group OICs stance on violence in the country  Reuters India,India condemns Muslim group OICs stance on violence in the country Reuters India,We use cookies and data toulliDeliver and maintain Google servicesliliTrack outages and protect against spam fraud and abuseliliMeasure audience engagement and site statistics to unde 1131 chars
https://consent.google.com/ml?continue=https://news.google.com/rss/articles/CBMifmh0dHBzOi8vd3d3LnJldXRlcnMuY29tL3dvcmxkL2luZGlhL2luZGlhLWNlbnRyYWwtYmFuay1wZXJtaXRzLWJhbmtzLW9mZmVyLW5vbi1kZWxpdmVyYWJsZS1meC1kZXJpdmF0aXZlcy1yZXNpZGVudC0yMDIzLTA0LTA2L9IBAA?oc%3D5&gl=FR&hl=en-US&cm=2&pc=n&src=1,India central bank permits banks to offer nondeliverable fx   Reuters India,India central bank permits banks to offer nondeliverable fx  Reuters India,We use cookies and data toulliDeliver and maintain Google servicesliliTrack outages and protect against spam fraud and abuseliliMeasure audience engagement and site statistics to unde 1131 chars
https://consent.google.com/ml?continue=https://news.google.com/rss/articles/CBMib2h0dHBzOi8vd3d3LnJldXRlcnMuY29tL3dvcmxkL2luZGlhL2luZGlhLXNsYXNoZXMtY3VycmVudC1hY2NvdW50LWRlZmljaXQtZGVjLXF0ci10cmFkZS1nYXAtbmFycm93cy0yMDIzLTAzLTMxL9IBAA?oc%3D5&gl=FR&hl=en-US&cm=2&pc=n&src=1,India slashes current account deficit in Decqtr as trade gap narrows  Reuters India,India slashes current account deficit in Decqtr as trade gap narrows Reuters India,We use cookies and data toulliDeliver and maintain Google servicesliliTrack outages and protect against spam fraud and abuseliliMeasure audience engagement and site statistics to unde 1131 chars
https://consent.google.com/ml?continue=https://news.google.com/rss/articles/CBMifmh0dHBzOi8vd3d3LnJldXRlcnMuY29tL3dvcmxkL2luZGlhL2luZGlhLW9wZW5zLWludmVzdGlnYXRpb24taW50by1hbGxlZ2VkLXZpb2xhdGlvbi1mb3JlaWduLWV4Y2hhbmdlLXJ1bGVzLWJ5LWJiYy0yMDIzLTA0LTEzL9IBAA?oc%3D5&gl=FR&hl=en-US&cm=2&pc=n&src=1,India opens investigation into alleged violation of foreign exchange   Reuters India,India opens investigation into alleged violation of foreign exchange  Reuters India,We use cookies and data toulliDeliver and maintain Google servicesliliTrack outages and protect against spam fraud and abuseliliMeasure audience engagement and site statistics to unde 1131 chars
https://consent.google.com/ml?continue=https://news.google.com/rss/articles/CBMifmh0dHBzOi8vd3d3LnJldXRlcnMuY29tL3dvcmxkL2luZGlhL211c2stc2F5cy11bmF3YXJlLXdoeS10d2l0dGVyLWluZGlhLXB1bGxlZC1wb3N0cy1iYmMtZG9jdW1lbnRhcnktY3JpdGljYWwtbW9kaS0yMDIzLTA0LTEyL9IBAA?oc%3D5&gl=FR&hl=en-US&cm=2&pc=n&src=1,Musk says unaware why Twitter India pulled posts on BBC   Reuters India,Musk says unaware why Twitter India pulled posts on BBC  Reuters India,We use cookies and data toulliDeliver and maintain Google servicesliliTrack outages and protect against spam fraud and abuseliliMeasure audience engagement and site statistics to unde 1131 chars
https://consent.google.com/ml?continue=https://news.google.com/rss/articles/CBMiZGh0dHBzOi8vd3d3LnJldXRlcnMuY29tL2J1c2luZXNzL2VuZXJneS9pbmRpYS1hY2NlcHRzLWdhcy1wYW5lbC1yZXBvcnQtbG93ZXJzLWdhcy1wcmljZXMtMjAyMy0wNC0wNi_SAQA?oc%3D5&gl=FR&hl=en-US&cm=2&pc=n&src=1,India accepts gas panel report lowers gas prices  Reuters,India accepts gas panel report lowers gas prices Reuters,We use cookies and data toulliDeliver and maintain Google servicesliliTrack outages and protect against spam fraud and abuseliliMeasure audience engagement and site statistics to unde 1131 chars
https://consent.google.com/ml?continue=https://news.google.com/rss/articles/CBMiV2h0dHBzOi8vd3d3LnJldXRlcnMuY29tL3dvcmxkL2luZGlhL2luZGlhcy1mb3JleC1yZXNlcnZlcy1qdW1wLTktbW9udGgtaGlnaC0yMDIzLTA0LTE0L9IBAA?oc%3D5&gl=FR&hl=en-US&cm=2&pc=n&src=1,Indias forex reserves jump to 9month high  Reuters India,Indias forex reserves jump to 9month high Reuters India,We use cookies and data toulliDeliver and maintain Google servicesliliTrack outages and protect against spam fraud and abuseliliMeasure audience engagement and site statistics to unde 1131 chars
https://consent.google.com/ml?continue=https://news.google.com/rss/articles/CBMibWh0dHBzOi8vd3d3LnJldXRlcnMuY29tL3dvcmxkL2luZGlhLXNheXMtdWtyYWluZS1yZXF1ZXN0ZWQtYWRkaXRpb25hbC1tZWRpY2luZXMtbWVkaWNhbC1lcXVpcG1lbnQtMjAyMy0wNC0xMi_SAQA?oc%3D5&gl=FR&hl=en-US&cm=2&pc=n&src=1,India says Ukraine requested for additional medicines medical   Reuters,India says Ukraine requested for additional medicines medical  Reuters,We use cookies and data toulliDeliver and maintain Google servicesliliTrack outages and protect against spam fraud and abuseliliMeasure audience engagement and site statistics to unde 1131 chars
https://consent.google.com/ml?continue=https://news.google.com/rss/articles/CBMiWGh0dHBzOi8vd3d3LnJldXRlcnMuY29tL3dvcmxkL2luZGlhL3JlY2VudC1hdHRhY2tzLWluZGlhbi1taWxpdGFyeS1wZXJzb25uZWwtMjAyMy0wNC0xMi_SAQA?oc%3D5&gl=FR&hl=en-US&cm=2&pc=n&src=1,Factbox Recent attacks on Indian military personnel  Reuters India,Factbox Recent attacks on Indian military personnel Reuters India,We use cookies and data toulliDeliver and maintain Google servicesliliTrack outages and protect against spam fraud and abuseliliMeasure audience engagement and site statistics to unde 1131 chars
https://consent.google.com/ml?continue=https://news.google.com/rss/articles/CBMiY2h0dHBzOi8vd3d3LnJldXRlcnMuY29tL3dvcmxkL2luZGlhL2luZGlhLW9wcG9zaXRpb24tbGVhZGVyLWdhbmRoaS1hcHBlYWwtamFpbC1zZW50ZW5jZS0yMDIzLTA0LTAyL9IBAA?oc%3D5&gl=FR&hl=en-US&cm=2&pc=n&src=1,Rahul Gandhi to appeal jail sentence  Reuters India,Rahul Gandhi to appeal jail sentence Reuters India,We use cookies and data toulliDeliver and maintain Google servicesliliTrack outages and protect against spam fraud and abuseliliMeasure audience engagement and site statistics to unde 1131 chars
https://consent.google.com/ml?continue=https://news.google.com/rss/articles/CBMiUmh0dHBzOi8vd3d3LnJldXRlcnMuY29tL3dvcmxkL2luZGlhL2RlYWRseS1hdmFsYW5jaGVzLWluZGlhbi1oaW1hbGF5YXMtMjAyMy0wNC0wNC_SAQA?oc%3D5&gl=FR&hl=en-US&cm=2&pc=n&src=1,Factbox Deadly avalanches in Indian Himalayas  Reuters India,Factbox Deadly avalanches in Indian Himalayas Reuters India,We use cookies and data toulliDeliver and maintain Google servicesliliTrack outages and protect against spam fraud and abuseliliMeasure audience engagement and site statistics to unde 1131 chars
https://consent.google.com/ml?continue=https://news.google.com/rss/articles/CBMie2h0dHBzOi8vd3d3LnJldXRlcnMuY29tL3dvcmxkL2FzaWEtcGFjaWZpYy9jaGluYS1ob3Blcy1pbmRpYS13aWxsLXNob3ctZ29vZHdpbGwtZmFjaWxpdGF0ZS1qb3VybmFsaXN0cy1taW5pc3RyeS0yMDIzLTA0LTA2L9IBAA?oc%3D5&gl=FR&hl=en-US&cm=2&pc=n&src=1,China hopes India will show goodwill facilitate journalists ministry  Reuters,China hopes India will show goodwill facilitate journalists ministry Reuters,We use cookies and data toulliDeliver and maintain Google servicesliliTrack outages and protect against spam fraud and abuseliliMeasure audience engagement and site statistics to unde 1131 chars
https://consent.google.com/ml?continue=https://news.google.com/rss/articles/CBMiUmh0dHBzOi8vd3d3LnJldXRlcnMuY29tL3dvcmxkL2luZGlhL2dvbGQtcHJpY2VzLWRpcC1iYW5rLWFuZ3N0LXJlY2VkZXMtMjAyMy0wMy0zMC_SAQA?oc%3D5&gl=FR&hl=en-US&cm=2&pc=n&src=1,Gold prices dip as bank angst recedes  Reuters India,Gold prices dip as bank angst recedes Reuters India,We use cookies and data toulliDeliver and maintain Google servicesliliTrack outages and protect against spam fraud and abuseliliMeasure audience engagement and site statistics to unde 1131 chars
https://consent.google.com/ml?continue=https://news.google.com/rss/articles/CBMidGh0dHBzOi8vd3d3LnJldXRlcnMuY29tL3dvcmxkL2luZGlhL2luZGlhbi1nMjAtcHJlc2lkZW5jeS1vcHBvc2VzLXdhdGVyaW5nLWRvd24tZ3JlZW4taHlkcm9nZW4tc3RhbmRhcmRzLTIwMjMtMDQtMDMv0gEA?oc%3D5&gl=FR&hl=en-US&cm=2&pc=n&src=1,Indian G20 presidency opposes watering down green hydrogen   Reuters India,Indian G20 presidency opposes watering down green hydrogen  Reuters India,We use cookies and data toulliDeliver and maintain Google servicesliliTrack outages and protect against spam fraud and abuseliliMeasure audience engagement and site statistics to unde 1131 chars
https://consent.google.com/ml?continue=https://news.google.com/rss/articles/CBMihAFodHRwczovL3d3dy5yZXV0ZXJzLmNvbS9tYXJrZXRzL2N1cnJlbmNpZXMvaW5kaWEtcnVwZWUtcnVwZWUtY29udGVuZHMtd2l0aC1mZWQtcmF0ZS1oaWtlLXBvc3NpYmlsaXR5LWZhdm91cmFibGUtbW9tZW50dW0tMjAyMy0wNC0xMC_SAQA?oc%3D5&gl=FR&hl=en-US&cm=2&pc=n&src=1,INDIA RUPEE Rupee contends with Fed rate hike possibility   Reuters,INDIA RUPEE Rupee contends with Fed rate hike possibility  Reuters,We use cookies and data toulliDeliver and maintain Google servicesliliTrack outages and protect against spam fraud and abuseliliMeasure audience engagement and site statistics to unde 1131 chars
https://consent.google.com/ml?continue=https://news.google.com/rss/articles/CBMic2h0dHBzOi8vd3d3LnJldXRlcnMuY29tL3dvcmxkL2luZGlhL2luZGlhcy1kaWdpdC1pbnN1cmFuY2UtcmUtZmlsZXMtaXBvLXBhcGVycy1hZnRlci1yZWd1bGF0b3ItY29uY2VybnMtMjAyMy0wMy0zMS_SAQA?oc%3D5&gl=FR&hl=en-US&cm=2&pc=n&src=1,Indias Digit Insurance refiles IPO papers after regulator concerns  Reuters India,Indias Digit Insurance refiles IPO papers after regulator concerns Reuters India,We use cookies and data toulliDeliver and maintain Google servicesliliTrack outages and protect against spam fraud and abuseliliMeasure audience engagement and site statistics to unde 1131 chars
https://consent.google.com/ml?continue=https://news.google.com/rss/articles/CBMiiQFodHRwczovL3d3dy5yZXV0ZXJzLmNvbS9idXNpbmVzcy9oZWFsdGhjYXJlLXBoYXJtYWNldXRpY2Fscy9pbmRpYS10ZXN0cy1leWUtZHJvcHMtbGlua2VkLXVzLWRlYXRocy1zaG93LW5vLWNvbnRhbWluYXRpb24tbmR0di0yMDIzLTA0LTA0L9IBAA?oc%3D5&gl=FR&hl=en-US&cm=2&pc=n&src=1,India tests of eye drops linked to US deaths show no contamination   Reuterscom,India tests of eye drops linked to US deaths show no contamination  Reuterscom,We use cookies and data toulliDeliver and maintain Google servicesliliTrack outages and protect against spam fraud and abuseliliMeasure audience engagement and site statistics to unde 1131 chars
https://consent.google.com/ml?continue=https://news.google.com/rss/articles/CBMia2h0dHBzOi8vd3d3LnJldXRlcnMuY29tL3dvcmxkL2luZGlhL2luZGlhbi1jYXBpdGFsLWJvb3N0LWNvdmlkLTE5LXRlc3RpbmctYW1pZC1qdW1wLWRhaWx5LWNhc2VzLTIwMjMtMDMtMzAv0gEA?oc%3D5&gl=FR&hl=en-US&cm=2&pc=n&src=1,Indian capital to boost COVID19 testing amid jump in daily cases  Reuters India,Indian capital to boost COVID19 testing amid jump in daily cases Reuters India,We use cookies and data toulliDeliver and maintain Google servicesliliTrack outages and protect against spam fraud and abuseliliMeasure audience engagement and site statistics to unde 1131 chars
https://consent.google.com/ml?continue=https://news.google.com/rss/articles/CBMiaWh0dHBzOi8vd3d3LnJldXRlcnMuY29tL3dvcmxkL2luZGlhL2luZGlhbi1lZHRlY2gtc3RhcnR1cC11bmFjYWRlbXktbGF5LW9mZi0xMi1zdGFmZi1kb2N1bWVudC0yMDIzLTAzLTMwL9IBAA?oc%3D5&gl=FR&hl=en-US&cm=2&pc=n&src=1,Indian edtech startup Unacademy to lay off 12 of staff  document  Reuters India,Indian edtech startup Unacademy to lay off 12 of staff  document Reuters India,We use cookies and data toulliDeliver and maintain Google servicesliliTrack outages and protect against spam fraud and abuseliliMeasure audience engagement and site statistics to unde 1131 chars
https://consent.google.com/ml?continue=https://news.google.com/rss/articles/CBMiemh0dHBzOi8vd3d3LnJldXRlcnMuY29tL21hcmtldHMvY3VycmVuY2llcy9pbmRpYS1ydXBlZS1ydXBlZS1maXJtcy1rZXktbGV2ZWwtZG9sbGFyLWZhbHRlcnMtYWZ0ZXItdXMtaW5mbGF0aW9uLTIwMjMtMDQtMTMv0gEA?oc%3D5&gl=FR&hl=en-US&cm=2&pc=n&src=1,INDIA RUPEE Rupee firms to key level as dollar falters after US   Reuters,INDIA RUPEE Rupee firms to key level as dollar falters after US  Reuters,We use cookies and data toulliDeliver and maintain Google servicesliliTrack outages and protect against spam fraud and abuseliliMeasure audience engagement and site statistics to unde 1131 chars
https://consent.google.com/ml?continue=https://news.google.com/rss/articles/CBMigQFodHRwczovL3d3dy5yZXV0ZXJzLmNvbS9tYXJrZXRzL2N1cnJlbmNpZXMvaW5kaWEtcnVwZWUtaW5kaWFuLXJ1cGVlLWZhbGxzLWJlbG93LTgydXNkLWFmdGVyLXJiaS1oaXRzLXBhdXNlLXJhdGUtaGlrZXMtMjAyMy0wNC0wNi_SAQA?oc%3D5&gl=FR&hl=en-US&cm=2&pc=n&src=1,INDIA RUPEE Indian rupee falls below 82USD after RBI hits pause   Reuters,INDIA RUPEE Indian rupee falls below 82USD after RBI hits pause  Reuters,We use cookies and data toulliDeliver and maintain Google servicesliliTrack outages and protect against spam fraud and abuseliliMeasure audience engagement and site statistics to unde 1131 chars
https://consent.google.com/ml?continue=https://news.google.com/rss/articles/CBMidGh0dHBzOi8vd3d3LnJldXRlcnMuY29tL21hcmtldHMvY3VycmVuY2llcy9pbmRpYS1ydXBlZS1ydXBlZS1zdHJvbmdlci10aGFuLTgydXNkLWFoZWFkLXJiaS1yYXRlLWRlY2lzaW9uLTIwMjMtMDQtMDYv0gEA?oc%3D5&gl=FR&hl=en-US&cm=2&pc=n&src=1,INDIA RUPEE Rupee stronger than 82USD ahead of RBI rate   Reuters,INDIA RUPEE Rupee stronger than 82USD ahead of RBI rate  Reuters,We use cookies and data toulliDeliver and maintain Google servicesliliTrack outages and protect against spam fraud and abuseliliMeasure audience engagement and site statistics to unde 1131 chars
https://consent.google.com/ml?continue=https://news.google.com/rss/articles/CBMie2h0dHBzOi8vd3d3LnJldXRlcnMuY29tL21hcmtldHMvY3VycmVuY2llcy9pbmRpYS1ydXBlZS1pbmRpYW4tcnVwZWUtcHJlbWl1bXMtZmFsbC1hZnRlci1yYmlzLXN1cnByaXNlLXJhdGUtaG9sZC0yMDIzLTA0LTA2L9IBAA?oc%3D5&gl=FR&hl=en-US&cm=2&pc=n&src=1,INDIA RUPEE Indian rupee premiums fall after RBIs surprise rate hold  Reuters,INDIA RUPEE Indian rupee premiums fall after RBIs surprise rate hold Reuters,We use cookies and data toulliDeliver and maintain Google servicesliliTrack outages and protect against spam fraud and abuseliliMeasure audience engagement and site statistics to unde 1131 chars
https://consent.google.com/ml?continue=https://news.google.com/rss/articles/CBMigQFodHRwczovL3d3dy5yZXV0ZXJzLmNvbS9idXNpbmVzcy9zdXN0YWluYWJsZS1idXNpbmVzcy9pbmRpYS1pc3N1ZS10ZW5kZXJzLTI1MC1ndy1uZXctcmVuZXdhYmxlLWNhcGFjaXR5LWJ5LW1hcmNoLTIwMjgtMjAyMy0wNC0wMy_SAQA?oc%3D5&gl=FR&hl=en-US&cm=2&pc=n&src=1,India to issue tenders for 250 GW of new renewable capacity by   Reuters,India to issue tenders for 250 GW of new renewable capacity by  Reuters,We use cookies and data toulliDeliver and maintain Google servicesliliTrack outages and protect against spam fraud and abuseliliMeasure audience engagement and site statistics to unde 1131 chars
https://consent.google.com/ml?continue=https://news.google.com/rss/articles/CBMid2h0dHBzOi8vd3d3LnJldXRlcnMuY29tL21hcmtldHMvY29tbW9kaXRpZXMvY29hbC1pbmRpYS1ib29zdC1zdXBwbGllcy1pbmR1c3RyaWVzLXV0aWxpdGllcy1pbnZlbnRvcmllcy1yaXNlLTIwMjMtMDQtMDUv0gEA?oc%3D5&gl=FR&hl=en-US&cm=2&pc=n&src=1,Coal India to boost supplies to industries as utilities inventories rise  Reuters,Coal India to boost supplies to industries as utilities inventories rise Reuters,We use cookies and data toulliDeliver and maintain Google servicesliliTrack outages and protect against spam fraud and abuseliliMeasure audience engagement and site statistics to unde 1131 chars
https://consent.google.com/ml?continue=https://news.google.com/rss/articles/CBMiZ2h0dHBzOi8vd3d3LnJldXRlcnMuY29tL3dvcmxkL2luZGlhL2luZGlhcy1pcm9uLXBpbGxhci1yYWlzZXMtMTI5LW1sbi1pbnZlc3QtY2xvdWQtc3RhcnR1cHMtMjAyMy0wNC0wNS_SAQA?oc%3D5&gl=FR&hl=en-US&cm=2&pc=n&src=1,Indias Iron Pillar raises 129 mln to invest in cloud startups  Reuters India,Indias Iron Pillar raises 129 mln to invest in cloud startups Reuters India,We use cookies and data toulliDeliver and maintain Google servicesliliTrack outages and protect against spam fraud and abuseliliMeasure audience engagement and site statistics to unde 1131 chars
https://consent.google.com/ml?continue=https://news.google.com/rss/articles/CBMia2h0dHBzOi8vd3d3LnJldXRlcnMuY29tL21hcmtldHMvYXNpYS9qYXBhbi1pbmRpYS1mcmFuY2UtbGF1bmNoLWNyZWRpdG9ycy1tZWV0aW5nLXNyaS1sYW5rYS1kZWJ0LTIwMjMtMDQtMTMv0gEA?oc%3D5&gl=FR&hl=en-US&cm=2&pc=n&src=1,Japan India and France launch creditors meeting on Sri Lanka debt  Reuters,Japan India and France launch creditors meeting on Sri Lanka debt Reuters,We use cookies and data toulliDeliver and maintain Google servicesliliTrack outages and protect against spam fraud and abuseliliMeasure audience engagement and site statistics to unde 1131 chars
https://consent.google.com/ml?continue=https://news.google.com/rss/articles/CBMibGh0dHBzOi8vd3d3LnJldXRlcnMuY29tL21hcmtldHMvZGVhbHMvaW5kaWEtbnNlcy1pcG8tcGxhbi1zdHVtYmxlcy1tYXJrZXQtd2F0Y2hkb2dzLWRvb3Itc291cmNlcy0yMDIzLTA0LTExL9IBAA?oc%3D5&gl=FR&hl=en-US&cm=2&pc=n&src=1,India NSEs IPO plan stumbles at market watchdogs door  sources  Reuters,India NSEs IPO plan stumbles at market watchdogs door  sources Reuters,We use cookies and data toulliDeliver and maintain Google servicesliliTrack outages and protect against spam fraud and abuseliliMeasure audience engagement and site statistics to unde 1131 chars
https://consent.google.com/ml?continue=https://news.google.com/rss/articles/CBMicWh0dHBzOi8vd3d3LnJldXRlcnMuY29tL3dvcmxkL3VrcmFpbmUtbWluaXN0ZXItc2F5cy1pbmRpYS1zaG91bGQtYmUtcHJhZ21hdGljLXNlY3VyaW5nLWVuZXJneS1kZWZlbmNlLTIwMjMtMDQtMTAv0gEA?oc%3D5&gl=FR&hl=en-US&cm=2&pc=n&src=1,Ukraine minister says India should be pragmatic in securing energy   Reuters,Ukraine minister says India should be pragmatic in securing energy  Reuters,We use cookies and data toulliDeliver and maintain Google servicesliliTrack outages and protect against spam fraud and abuseliliMeasure audience engagement and site statistics to unde 1131 chars
https://consent.google.com/ml?continue=https://news.google.com/rss/articles/CBMidmh0dHBzOi8vd3d3LnJldXRlcnMuY29tL21hcmtldHMvYXNpYS9pbmRpYS1lcXVpdHktbXV0dWFsLWZ1bmQtaW5mbG93cy1yaXNlLTEteWVhci1oaWdoLW1hcmNoLWluZHVzdHJ5LWRhdGEtMjAyMy0wNC0xMy_SAQA?oc%3D5&gl=FR&hl=en-US&cm=2&pc=n&src=1,India equity mutual fund inflows rise to 1year high in March   Reuters,India equity mutual fund inflows rise to 1year high in March  Reuters,We use cookies and data toulliDeliver and maintain Google servicesliliTrack outages and protect against spam fraud and abuseliliMeasure audience engagement and site statistics to unde 1131 chars
https://consent.google.com/ml?continue=https://news.google.com/rss/articles/CBMiamh0dHBzOi8vd3d3LnJldXRlcnMuY29tL3dvcmxkL2luZGlhL2ZpdmUtY2hpbGRyZW4tZHJvd24td2F0ZXItdGFuay1zb3V0aGVybi1pbmRpYW4tdGVtcGxlLW5kdHYtMjAyMy0wNC0wNS_SAQA?oc%3D5&gl=FR&hl=en-US&cm=2&pc=n&src=1,Five children drown in water tank in southern Indian temple  NDTV  Reuters India,Five children drown in water tank in southern Indian temple  NDTV Reuters India,We use cookies and data toulliDeliver and maintain Google servicesliliTrack outages and protect against spam fraud and abuseliliMeasure audience engagement and site statistics to unde 1131 chars
https://consent.google.com/ml?continue=https://news.google.com/rss/articles/CBMia2h0dHBzOi8vd3d3LnJldXRlcnMuY29tL3dvcmxkL2luZGlhL2RhbGFpLWxhbWEtYXBvbG9naXNlcy1hZnRlci12aWRlby1hc2tpbmctYm95LXN1Y2stbXktdG9uZ3VlLTIwMjMtMDQtMTAv0gEA?oc%3D5&gl=FR&hl=en-US&cm=2&pc=n&src=1,Dalai Lama apologises after video asking boy to suck my tongue  Reuters India,Dalai Lama apologises after video asking boy to suck my tongue Reuters India,We use cookies and data toulliDeliver and maintain Google servicesliliTrack outages and protect against spam fraud and abuseliliMeasure audience engagement and site statistics to unde 1131 chars
https://consent.google.com/ml?continue=https://news.google.com/rss/articles/CBMibGh0dHBzOi8vd3d3LnJldXRlcnMuY29tL21hcmtldHMvY3VycmVuY2llcy9pbmRpYS1ydXBlZS1ydXBlZS1pbmNoLXVwLWFoZWFkLWtleS11cy1pbmZsYXRpb24tZGF0YS0yMDIzLTA0LTEyL9IBAA?oc%3D5&gl=FR&hl=en-US&cm=2&pc=n&src=1,INDIA RUPEE Rupee to inch up ahead of key US inflation data  Reuters,INDIA RUPEE Rupee to inch up ahead of key US inflation data Reuters,We use cookies and data toulliDeliver and maintain Google servicesliliTrack outages and protect against spam fraud and abuseliliMeasure audience engagement and site statistics to unde 1131 chars
https://consent.google.com/ml?continue=https://news.google.com/rss/articles/CBMieGh0dHBzOi8vd3d3LnJldXRlcnMuY29tL21hcmtldHMvY3VycmVuY2llcy9pbmRpYS1ydXBlZS1ydXBlZS1lZGdlcy11cC1kb2xsYXItc29mdGVucy1haGVhZC11cy1pbmZsYXRpb24tZGF0YS0yMDIzLTA0LTEyL9IBAA?oc%3D5&gl=FR&hl=en-US&cm=2&pc=n&src=1,INDIA RUPEE Rupee edges up as dollar softens ahead of US   Reuters,INDIA RUPEE Rupee edges up as dollar softens ahead of US  Reuters,We use cookies and data toulliDeliver and maintain Google servicesliliTrack outages and protect against spam fraud and abuseliliMeasure audience engagement and site statistics to unde 1131 chars
https://consent.google.com/ml?continue=https://news.google.com/rss/articles/CBMifGh0dHBzOi8vd3d3LnJldXRlcnMuY29tL21hcmtldHMvY3VycmVuY2llcy9pbmRpYS1ydXBlZS1ydXBlZS1mYWxscy1vaWwtY29uY2VybnMtZG9lc250LXdlYWtlbi1wYXN0LXN1cHBvcnQtbGV2ZWwtMjAyMy0wNC0wMy_SAQA?oc%3D5&gl=FR&hl=en-US&cm=2&pc=n&src=1,INDIA RUPEE Rupee falls on oil concerns but doesnt weaken past   Reuters,INDIA RUPEE Rupee falls on oil concerns but doesnt weaken past  Reuters,We use cookies and data toulliDeliver and maintain Google servicesliliTrack outages and protect against spam fraud and abuseliliMeasure audience engagement and site statistics to unde 1131 chars
https://consent.google.com/ml?continue=https://news.google.com/rss/articles/CBMibWh0dHBzOi8vd3d3LnJldXRlcnMuY29tL3dvcmxkL2luZGlhL2luZGlhbi1zaGFyZXMtc2V0LW9wZW4taGlnaGVyLWFtaWQtY2F1dGlvbi1pbmZsYXRpb24tY29uY2VybnMtMjAyMy0wNC0wMy_SAQA?oc%3D5&gl=FR&hl=en-US&cm=2&pc=n&src=1,Indian shares set to open higher amid caution on inflation concerns  Reuters India,Indian shares set to open higher amid caution on inflation concerns Reuters India,We use cookies and data toulliDeliver and maintain Google servicesliliTrack outages and protect against spam fraud and abuseliliMeasure audience engagement and site statistics to unde 1131 chars
https://consent.google.com/ml?continue=https://news.google.com/rss/articles/CBMifWh0dHBzOi8vd3d3LnJldXRlcnMuY29tL3dvcmxkL2luZGlhL3JlbGlhbmNlcy1qaW9jaW5lbWEtY2xvY2tzLXJlY29yZC0xNDctYmlsbGlvbi1kaWdpdGFsLXZpZXdzLWZpcnN0LWlwbC13ZWVrZW5kLTIwMjMtMDQtMDMv0gEA?oc%3D5&gl=FR&hl=en-US&cm=2&pc=n&src=1,Reliances JioCinema clocks record 147 billion digital views in first   Reuters India,Reliances JioCinema clocks record 147 billion digital views in first  Reuters India,We use cookies and data toulliDeliver and maintain Google servicesliliTrack outages and protect against spam fraud and abuseliliMeasure audience engagement and site statistics to unde 1131 chars
https://consent.google.com/ml?continue=https://news.google.com/rss/articles/CBMif2h0dHBzOi8vd3d3LnJldXRlcnMuY29tL21hcmtldHMvZGVhbHMvYXJjZWxvcm1pdHRhbC1uaXBwb24tc3RlZWwtaW5kaWEtanYtc2lnbnMtNS1ibG4tbG9hbi1kZWFsLXdpdGgtamFwYW5lc2UtYmFua3MtMjAyMy0wMy0zMS_SAQA?oc%3D5&gl=FR&hl=en-US&cm=2&pc=n&src=1,ArcelorMittalNippon Steel India JV signs 5 bln loan deal with   Reuterscom,ArcelorMittalNippon Steel India JV signs 5 bln loan deal with  Reuterscom,We use cookies and data toulliDeliver and maintain Google servicesliliTrack outages and protect against spam fraud and abuseliliMeasure audience engagement and site statistics to unde 1131 chars
https://consent.google.com/ml?continue=https://news.google.com/rss/articles/CBMifmh0dHBzOi8vd3d3LnJldXRlcnMuY29tL3dvcmxkL2luZGlhL2luZGlhbi1zdGF0ZXMtbGlrZWx5LWZhbGwtc2hvcnQtc3BlbmRpbmctdGFyZ2V0cy1wb3NpbmctZ3Jvd3RoLXJpc2stZWNvbm9taXN0cy0yMDIzLTAzLTMxL9IBAA?oc%3D5&gl=FR&hl=en-US&cm=2&pc=n&src=1,Indian states likely to fall short of spending targets posing growth   Reuters India,Indian states likely to fall short of spending targets posing growth  Reuters India,We use cookies and data toulliDeliver and maintain Google servicesliliTrack outages and protect against spam fraud and abuseliliMeasure audience engagement and site statistics to unde 1131 chars
https://consent.google.com/ml?continue=https://news.google.com/rss/articles/CBMieGh0dHBzOi8vd3d3LnJldXRlcnMuY29tL3dvcmxkL2luZGlhL2luZGlhcy1zZXJ2aWNlcy1ncm93dGgtbG9zZXMtc29tZS1zdGVhbS1tYXJjaC1pbnB1dC1jb3N0LWluZmxhdGlvbi1lYXNlcy0yMDIzLTA0LTA1L9IBAA?oc%3D5&gl=FR&hl=en-US&cm=2&pc=n&src=1,Indias services growth loses some steam in March input cost   Reuters India,Indias services growth loses some steam in March input cost  Reuters India,We use cookies and data toulliDeliver and maintain Google servicesliliTrack outages and protect against spam fraud and abuseliliMeasure audience engagement and site statistics to unde 1131 chars
https://consent.google.com/ml?continue=https://news.google.com/rss/articles/CBMidmh0dHBzOi8vd3d3LnJldXRlcnMuY29tL3dvcmxkL2luZGlhL2luZGlhbi1kZWxpdmVyeS1maXJtLWR1bnpvLXNlY3VyZXMtNzUtbWxuLWZ1bmRpbmctbGF5cy1vZmYtMzAtc3RhZmYtZXQtMjAyMy0wNC0wNi_SAQA?oc%3D5&gl=FR&hl=en-US&cm=2&pc=n&src=1,Indian delivery firm Dunzo secures 75 mln funding lays off 30 of   Reuters India,Indian delivery firm Dunzo secures 75 mln funding lays off 30 of  Reuters India,We use cookies and data toulliDeliver and maintain Google servicesliliTrack outages and protect against spam fraud and abuseliliMeasure audience engagement and site statistics to unde 1131 chars
https://consent.google.com/ml?continue=https://news.google.com/rss/articles/CBMicWh0dHBzOi8vd3d3LnJldXRlcnMuY29tL3dvcmxkL2luZGlhL2luZGlhcy1zdXJnaW5nLXNlcnZpY2VzLWV4cG9ydHMtbWF5LXNoaWVsZC1lY29ub215LWV4dGVybmFsLXJpc2tzLTIwMjMtMDQtMDMv0gEA?oc%3D5&gl=FR&hl=en-US&cm=2&pc=n&src=1,Analysis Indias surging services exports may shield economy from   Reuters India,Analysis Indias surging services exports may shield economy from  Reuters India,We use cookies and data toulliDeliver and maintain Google servicesliliTrack outages and protect against spam fraud and abuseliliMeasure audience engagement and site statistics to unde 1131 chars
https://consent.google.com/ml?continue=https://news.google.com/rss/articles/CBMieGh0dHBzOi8vd3d3LnJldXRlcnMuY29tL2J1c2luZXNzL2VuZXJneS9pbmRpYS1sb29raW5nLW1lcmdlLWh5ZHJvLXBvd2VyLXVuaXRzLWNyZWF0ZS1zaW5nbGUtY29tcGFueS1taW5pc3Rlci0yMDIzLTA0LTAzL9IBAA?oc%3D5&gl=FR&hl=en-US&cm=2&pc=n&src=1,India looking to merge hydro power units to create single company   Reuters,India looking to merge hydro power units to create single company  Reuters,We use cookies and data toulliDeliver and maintain Google servicesliliTrack outages and protect against spam fraud and abuseliliMeasure audience engagement and site statistics to unde 1131 chars
https://consent.google.com/ml?continue=https://news.google.com/rss/articles/CBMikgFodHRwczovL3d3dy5yZXV0ZXJzLmNvbS9idXNpbmVzcy9oZWFsdGhjYXJlLXBoYXJtYWNldXRpY2Fscy9pbmRpYS1jYW5jZWxzLWxpY2VuY2VzLXNvbWUtZHJ1Zy1maXJtcy1jcmFja2Rvd24tZmFrZS1wcm9kdWN0cy1zYXlzLXNvdXJjZS0yMDIzLTAzLTMwL9IBAA?oc%3D5&gl=FR&hl=en-US&cm=2&pc=n&src=1,India cancels licences of some drug firms in crackdown on fake   Reuters,India cancels licences of some drug firms in crackdown on fake  Reuters,We use cookies and data toulliDeliver and maintain Google servicesliliTrack outages and protect against spam fraud and abuseliliMeasure audience engagement and site statistics to unde 1131 chars
https://consent.google.com/ml?continue=https://news.google.com/rss/articles/CBMic2h0dHBzOi8vd3d3LnJldXRlcnMuY29tL3dvcmxkL2luZGlhL2luZGlhcy1mb3JlaWduLWRpcmVjdC1pbnZlc3RtZW50LWZsb3dzLXNlZS1tb2Rlc3QtcGljay11cC1meTI0LWNpdGktMjAyMy0wNC0xMS_SAQA?oc%3D5&gl=FR&hl=en-US&cm=2&pc=n&src=1,Indias foreign direct investment flows to see modest pickup in FY24   Reuters India,Indias foreign direct investment flows to see modest pickup in FY24  Reuters India,We use cookies and data toulliDeliver and maintain Google servicesliliTrack outages and protect against spam fraud and abuseliliMeasure audience engagement and site statistics to unde 1131 chars
https://consent.google.com/ml?continue=https://news.google.com/rss/articles/CBMicmh0dHBzOi8vd3d3LnJldXRlcnMuY29tL3dvcmxkL2luZGlhL2luZGlhcy1tb2RpLXJhaXNlcy1lbWJhc3N5LXNlY3VyaXR5LXdpdGgtdWtzLXN1bmFrLWFmdGVyLXZhbmRhbGlzbS0yMDIzLTA0LTEzL9IBAA?oc%3D5&gl=FR&hl=en-US&cm=2&pc=n&src=1,Indias Modi raises embassy security with UKs Sunak after vandalism  Reuters India,Indias Modi raises embassy security with UKs Sunak after vandalism Reuters India,We use cookies and data toulliDeliver and maintain Google servicesliliTrack outages and protect against spam fraud and abuseliliMeasure audience engagement and site statistics to unde 1131 chars
https://consent.google.com/ml?continue=https://news.google.com/rss/articles/CBMidGh0dHBzOi8vd3d3LnJldXRlcnMuY29tL3dvcmxkL2luZGlhL2luZGlhbi1jb3VydC1zZWVrcy1nb3Z0LXJlc3BvbnNlLWNvbWVkaWFucy1jaGFsbGVuZ2UtaXQtcnVsZS1jaGFuZ2VzLTIwMjMtMDQtMTEv0gEA?oc%3D5&gl=FR&hl=en-US&cm=2&pc=n&src=1,Indian court seeks govt response on comedians challenge to IT rule   Reuters India,Indian court seeks govt response on comedians challenge to IT rule  Reuters India,We use cookies and data toulliDeliver and maintain Google servicesliliTrack outages and protect against spam fraud and abuseliliMeasure audience engagement and site statistics to unde 1131 chars
https://consent.google.com/ml?continue=https://news.google.com/rss/articles/CBMiZmh0dHBzOi8vd3d3LnJldXRlcnMuY29tL3dvcmxkL2luZGlhL2hvdy1pbmRpYXMtYmlydGgtY29udHJvbC1iYXR0bGUtZmFsdGVycy1ydXJhbC1kaXN0cmljdC0yMDIzLTA0LTExL9IBAA?oc%3D5%26hl%3Den-CA%26gl%3DCA%26ceid%3DCA:en&gl=FR&hl=en-CA&cm=2&pc=n&src=1,How Indias birth control battle falters in rural district  Reuters India,How Indias birth control battle falters in rural district Reuters India,We use cookies and data toulliDeliver and maintain Google servicesliliTrack outages and protect against spam fraud and abuseliliMeasure audience engagement and site statistics to unde 1131 chars
https://consent.google.com/ml?continue=https://news.google.com/rss/articles/CBMibWh0dHBzOi8vd3d3LnJldXRlcnMuY29tL21hcmtldHMvY29tbW9kaXRpZXMvaW5kaWEtcmVtYWlucy10b3AtZGVzdGluYXRpb24tcnVzc2lhbi11cmFscy1vaWwtYXByaWwtMjAyMy0wNC0xMC_SAQA?oc%3D5&gl=FR&hl=en-US&cm=2&pc=n&src=1,India remains top destination for Russian Urals oil in April  Reuters,India remains top destination for Russian Urals oil in April Reuters,We use cookies and data toulliDeliver and maintain Google servicesliliTrack outages and protect against spam fraud and abuseliliMeasure audience engagement and site statistics to unde 1131 chars
https://consent.google.com/ml?continue=https://news.google.com/rss/articles/CBMiY2h0dHBzOi8vd3d3LnJldXRlcnMuY29tL3dvcmxkL2luZGlhL3RyYWluLWNydW5jaC1zcHVyLWNvYWwtaW1wb3J0cy1ieS1pbmRpYW4taW5kdXN0cmllcy0yMDIzLTA0LTEyL9IBAA?oc%3D5&gl=FR&hl=en-US&cm=2&pc=n&src=1,Analysis Train crunch to spur coal imports by Indian industries  Reuters India,Analysis Train crunch to spur coal imports by Indian industries Reuters India,We use cookies and data toulliDeliver and maintain Google servicesliliTrack outages and protect against spam fraud and abuseliliMeasure audience engagement and site statistics to unde 1131 chars
https://consent.google.com/ml?continue=https://news.google.com/rss/articles/CBMidGh0dHBzOi8vd3d3LnJldXRlcnMuY29tL21hcmtldHMvY3VycmVuY2llcy9pbmRpYS1ydXBlZS1ydXBlZS1uYXJyb3ctcmFuZ2UtYWhlYWQtdXMtaW5mbGF0aW9uLWZlZC1taW51dGVzLTIwMjMtMDQtMTIv0gEA?oc%3D5&gl=FR&hl=en-US&cm=2&pc=n&src=1,INDIA RUPEE Rupee in narrow range ahead of US inflation Fed   Reuterscom,INDIA RUPEE Rupee in narrow range ahead of US inflation Fed  Reuterscom,We use cookies and data toulliDeliver and maintain Google servicesliliTrack outages and protect against spam fraud and abuseliliMeasure audience engagement and site statistics to unde 1131 chars
https://consent.google.com/ml?continue=https://news.google.com/rss/articles/CBMifmh0dHBzOi8vd3d3LnJldXRlcnMuY29tL21hcmtldHMvY3VycmVuY2llcy9pbmRpYS1ydXBlZS1ydXBlZS1maXJtcy1jb29saW5nLXVzLWluZmxhdGlvbi1yZWNlc3Npb24td29lcy1odXJ0LWRvbGxhci0yMDIzLTA0LTEzL9IBAA?oc%3D5&gl=FR&hl=en-US&cm=2&pc=n&src=1,INDIA RUPEE Rupee firms as cooling US inflation recession woes   Reuters,INDIA RUPEE Rupee firms as cooling US inflation recession woes  Reuters,We use cookies and data toulliDeliver and maintain Google servicesliliTrack outages and protect against spam fraud and abuseliliMeasure audience engagement and site statistics to unde 1131 chars
https://consent.google.com/ml?continue=https://news.google.com/rss/articles/CBMifGh0dHBzOi8vd3d3LnJldXRlcnMuY29tL21hcmtldHMvY3VycmVuY2llcy9pbmRpYS1ydXBlZS1ydXBlZS1saWtlbHktc3RyZW5ndGhlbi1jb29sZXItdGhhbi1leHBlY3RlZC11cy1pbmZsYXRpb24tMjAyMy0wNC0xMy_SAQA?oc%3D5&gl=FR&hl=en-US&cm=2&pc=n&src=1,INDIA RUPEE Rupee likely to strengthen on coolerthanexpected   Reuters,INDIA RUPEE Rupee likely to strengthen on coolerthanexpected  Reuters,We use cookies and data toulliDeliver and maintain Google servicesliliTrack outages and protect against spam fraud and abuseliliMeasure audience engagement and site statistics to unde 1131 chars
https://consent.google.com/ml?continue=https://news.google.com/rss/articles/CBMiaGh0dHBzOi8vd3d3LnJldXRlcnMuY29tL3dvcmxkL2luZGlhL2luZGlhbi1leHBvcnRzLXVwLTYteWVhci1lbmQtbWFyY2gtcnVzc2lhbi1pbXBvcnRzLXN1cmdlLTIwMjMtMDQtMTMv0gEA?oc%3D5%26hl%3Den-CA%26gl%3DCA%26ceid%3DCA:en&gl=FR&hl=en-CA&cm=2&pc=n&src=1,Indian exports up 6 in year to endMarch Russian imports surge  Reuters India,Indian exports up 6 in year to endMarch Russian imports surge Reuters India,We use cookies and data toulliDeliver and maintain Google servicesliliTrack outages and protect against spam fraud and abuseliliMeasure audience engagement and site statistics to unde 1131 chars
https://consent.google.com/ml?continue=https://news.google.com/rss/articles/CBMibGh0dHBzOi8vd3d3LnJldXRlcnMuY29tL3dvcmxkL2luZGlhL2luZGlhbi1yZXNjdWVycy1zY291ci1zaXRlLWRlYWRseS1hdmFsYW5jaGUtYW55LW1vcmUtdmljdGltcy0yMDIzLTA0LTA1L9IBAA?oc%3D5&gl=FR&hl=en-US&cm=2&pc=n&src=1,Indian rescuers scour site of deadly avalanche for any more victims  Reuters India,Indian rescuers scour site of deadly avalanche for any more victims Reuters India,We use cookies and data toulliDeliver and maintain Google servicesliliTrack outages and protect against spam fraud and abuseliliMeasure audience engagement and site statistics to unde 1131 chars
https://consent.google.com/ml?continue=https://news.google.com/rss/articles/CBMid2h0dHBzOi8vd3d3LnJldXRlcnMuY29tL3dvcmxkL2luZGlhL2luZGlhcy1iYW5rLWJhcm9kYS1zdG9wcy1jbGVhcmluZy1wYXltZW50LWFib3ZlLWNhcC1ydXNzaWFuLW9pbC1zb3VyY2VzLTIwMjMtMDQtMDQv0gEA?oc%3D5&gl=FR&hl=en-US&cm=2&pc=n&src=1,Exclusive Indias Bank of Baroda stops clearing payment for above   Reuters India,Exclusive Indias Bank of Baroda stops clearing payment for above  Reuters India,We use cookies and data toulliDeliver and maintain Google servicesliliTrack outages and protect against spam fraud and abuseliliMeasure audience engagement and site statistics to unde 1131 chars
https://consent.google.com/ml?continue=https://news.google.com/rss/articles/CBMiXmh0dHBzOi8vd3d3LnJldXRlcnMuY29tL2JyZWFraW5ndmlld3MvcmljaC1jb3VudHJpZXMtaW5kaWEtc2hvdWxkLWN1dC1jbGltYXRlLXBhY3QtMjAyMy0wNC0xMC_SAQA?oc%3D5&gl=FR&hl=en-US&cm=2&pc=n&src=1,Breakingviews  Rich countries and India should cut a climate pact  Reuters,Breakingviews  Rich countries and India should cut a climate pact Reuters,We use cookies and data toulliDeliver and maintain Google servicesliliTrack outages and protect against spam fraud and abuseliliMeasure audience engagement and site statistics to unde 1131 chars
https://consent.google.com/ml?continue=https://news.google.com/rss/articles/CBMiZGh0dHBzOi8vd3d3LnJldXRlcnMuY29tL2J1c2luZXNzL3Blcm5vZC1zYXlzLXJldmVudWUtaW5kaWEtaGl0LWRlbGhpLWNpdHktZGVsYXlzLWxpY2VuY2UtMjAyMy0wNC0wMy_SAQA?oc%3D5&gl=FR&hl=en-US&cm=2&pc=n&src=1,Pernod says revenue in India hit as Delhi city delays licence  Reuters,Pernod says revenue in India hit as Delhi city delays licence Reuters,We use cookies and data toulliDeliver and maintain Google servicesliliTrack outages and protect against spam fraud and abuseliliMeasure audience engagement and site statistics to unde 1131 chars
https://consent.google.com/ml?continue=https://news.google.com/rss/articles/CBMicmh0dHBzOi8vd3d3LnJldXRlcnMuY29tL21hcmtldHMvY29tbW9kaXRpZXMvaW5kaWEtcGxhbnMtcmVsYXgtd2hlYXQtcHJvY3VyZW1lbnQtbm9ybXMtcmVwbGVuaXNoLXN0b2Nrcy0yMDIzLTA0LTAzL9IBAA?oc%3D5&gl=FR&hl=en-US&cm=2&pc=n&src=1,India plans to relax wheat procurement norms to replenish stocks  Reuters,India plans to relax wheat procurement norms to replenish stocks Reuters,We use cookies and data toulliDeliver and maintain Google servicesliliTrack outages and protect against spam fraud and abuseliliMeasure audience engagement and site statistics to unde 1131 chars
https://consent.google.com/ml?continue=https://news.google.com/rss/articles/CBMic2h0dHBzOi8vd3d3LnJldXRlcnMuY29tL3dvcmxkL2luZGlhL2luZGlhcy1nYW5kaGktYXBwZWFsLWFnYWluc3QtZGVmYW1hdGlvbi1jb252aWN0aW9uLW11bHRpcGxlLWdyb3VuZHMtMjAyMy0wNC0wMy_SAQA?oc%3D5&gl=FR&hl=en-US&cm=2&pc=n&src=1,Indias Gandhi to appeal against defamation conviction on multiple   Reuters India,Indias Gandhi to appeal against defamation conviction on multiple  Reuters India,We use cookies and data toulliDeliver and maintain Google servicesliliTrack outages and protect against spam fraud and abuseliliMeasure audience engagement and site statistics to unde 1131 chars
https://consent.google.com/ml?continue=https://news.google.com/rss/articles/CBMiggFodHRwczovL3d3dy5yZXV0ZXJzLmNvbS9tYXJrZXRzL2N1cnJlbmNpZXMvZG9sbGFycnVwZWUtcHJlbWl1bXMtcmlzZS11cy1pbmRpYS1pbnRlcmVzdC1yYXRlLWdhcC1zZWVuLXdpZGVuaW5nLWFuYWx5c3RzLTIwMjMtMDMtMzEv0gEA?oc%3D5&gl=FR&hl=en-US&cm=2&pc=n&src=1,Dollarrupee premiums to rise as USIndia interest rate gap seen   Reuters,Dollarrupee premiums to rise as USIndia interest rate gap seen  Reuters,We use cookies and data toulliDeliver and maintain Google servicesliliTrack outages and protect against spam fraud and abuseliliMeasure audience engagement and site statistics to unde 1131 chars
https://consent.google.com/ml?continue=https://news.google.com/rss/articles/CBMidWh0dHBzOi8vd3d3LnJldXRlcnMuY29tL21hcmtldHMvY29tbW9kaXRpZXMvY29hbC1pbmRpYS1zdXJwYXNzZXMtYW5udWFsLW91dHB1dC10YXJnZXQtZmlyc3QtdGltZS0xNy15ZWFycy0yMDIzLTAzLTMxL9IBAA?oc%3D5&gl=FR&hl=en-US&cm=2&pc=n&src=1,Coal India surpasses annual output target for first time in 17 years  Reuterscom,Coal India surpasses annual output target for first time in 17 years Reuterscom,We use cookies and data toulliDeliver and maintain Google servicesliliTrack outages and protect against spam fraud and abuseliliMeasure audience engagement and site statistics to unde 1131 chars
https://consent.google.com/ml?continue=https://news.google.com/rss/articles/CBMib2h0dHBzOi8vd3d3LnJldXRlcnMuY29tL3dvcmxkL2luZGlhL2Zhc3QtZm9vZC1hdXRvcy1pbmRpYXMtZGlnaXRhbGx5LWNvbm5lY3RlZC11c2Vycy1sdXJlLWludmVzdG9ycy0yMDIzLTA0LTAzL9IBAA?oc%3D5&gl=FR&hl=en-US&cm=2&pc=n&src=1,From fast food to autos Indias digitally connected users lure investors  Reuters India,From fast food to autos Indias digitally connected users lure investors Reuters India,We use cookies and data toulliDeliver and maintain Google servicesliliTrack outages and protect against spam fraud and abuseliliMeasure audience engagement and site statistics to unde 1131 chars
https://consent.google.com/ml?continue=https://news.google.com/rss/articles/CBMiemh0dHBzOi8vd3d3LnJldXRlcnMuY29tL3dvcmxkL2luZGlhL2FkYW5pLXRydW1wZXRzLXN0YWJsZS10aWVzLWdsb2JhbC1iYW5rcy1iaWQtZWFzZS1pbnZlc3Rvci13b3JyaWVzLWRvY3VtZW50LTIwMjMtMDQtMDUv0gEA?oc%3D5&gl=FR&hl=en-US&cm=2&pc=n&src=1,Adani trumpets stable ties to global banks in bid to ease investor   Reuters India,Adani trumpets stable ties to global banks in bid to ease investor  Reuters India,We use cookies and data toulliDeliver and maintain Google servicesliliTrack outages and protect against spam fraud and abuseliliMeasure audience engagement and site statistics to unde 1131 chars
https://consent.google.com/ml?continue=https://news.google.com/rss/articles/CBMigwFodHRwczovL3d3dy5yZXV0ZXJzLmNvbS9tYXJrZXRzL2N1cnJlbmNpZXMvaW5kaWEtcnVwZWUtcnVwZWUtaGl0cy0zLXdlZWstaGlnaC1saWtlbHktZG9sbGFyLWluZmxvd3MtZm9yZWlnbi1iYW5rLWFjdGlvbi0yMDIzLTA0LTA1L9IBAA?oc%3D5&gl=FR&hl=en-US&cm=2&pc=n&src=1,INDIA RUPEE Rupee hits 3week high on likely dollar inflows   Reuterscom,INDIA RUPEE Rupee hits 3week high on likely dollar inflows  Reuterscom,We use cookies and data toulliDeliver and maintain Google servicesliliTrack outages and protect against spam fraud and abuseliliMeasure audience engagement and site statistics to unde 1131 chars
https://consent.google.com/ml?continue=https://news.google.com/rss/articles/CBMiYGh0dHBzOi8vd3d3LnJldXRlcnMuY29tL3RlY2hub2xvZ3kvYXBwbGUtb3Blbi1maXJzdC1jb21wYW55LW93bmVkLXJldGFpbC1zdG9yZS1pbmRpYS0yMDIzLTA0LTA1L9IBAA?oc%3D5%26hl%3Den-CA%26gl%3DCA%26ceid%3DCA:en&gl=FR&hl=en-CA&cm=2&pc=n&src=1,Apple to open first companyowned retail store in India  Reuters,Apple to open first companyowned retail store in India Reuters,We use cookies and data toulliDeliver and maintain Google servicesliliTrack outages and protect against spam fraud and abuseliliMeasure audience engagement and site statistics to unde 1131 chars
https://consent.google.com/ml?continue=https://news.google.com/rss/articles/CBMidWh0dHBzOi8vd3d3LnJldXRlcnMuY29tL21hcmtldHMvY29tbW9kaXRpZXMvY2hpbmEtaW5kaWEta2VlcC1hc2lhcy1jcnVkZS1vaWwtaW1wb3J0cy1yb2J1c3QtbWFyY2gtcnVzc2VsbC0yMDIzLTA0LTA2L9IBAA?oc%3D5&gl=FR&hl=en-US&cm=2&pc=n&src=1,Column China and India keep Asias crude oil imports robust in   Reuters,Column China and India keep Asias crude oil imports robust in  Reuters,We use cookies and data toulliDeliver and maintain Google servicesliliTrack outages and protect against spam fraud and abuseliliMeasure audience engagement and site statistics to unde 1131 chars
https://consent.google.com/ml?continue=https://news.google.com/rss/articles/CBMidWh0dHBzOi8vd3d3LnJldXRlcnMuY29tL3dvcmxkL2luZGlhL2luZGlhbi1jZW5iYW5rLW1heS1wYXVzZS1yYXRlLWhpa2VzLW5leHQtbWVldC1hbHNvLWljaWNpLXBkcy1wcmFzYW5uYS0yMDIzLTA0LTA2L9IBAA?oc%3D5&gl=FR&hl=en-US&cm=2&pc=n&src=1,Indian cenbank may pause on rate hikes at next meet also ICICI   Reuters India,Indian cenbank may pause on rate hikes at next meet also ICICI  Reuters India,We use cookies and data toulliDeliver and maintain Google servicesliliTrack outages and protect against spam fraud and abuseliliMeasure audience engagement and site statistics to unde 1131 chars
https://consent.google.com/ml?continue=https://news.google.com/rss/articles/CBMiemh0dHBzOi8vd3d3LnJldXRlcnMuY29tL3dvcmxkL2luZGlhL2luZGlhbi1jZW5iYW5rLXByb3Bvc2VzLWV4cGFuZGluZy11cGktZGlnaXRhbC1wYXltZW50cy1zeXN0ZW0tYWxsb3ctY3JlZGl0LTIwMjMtMDQtMDYv0gEA?oc%3D5&gl=FR&hl=en-US&cm=2&pc=n&src=1,Indian cenbank proposes expanding UPI digital payments system to   Reuters India,Indian cenbank proposes expanding UPI digital payments system to  Reuters India,We use cookies and data toulliDeliver and maintain Google servicesliliTrack outages and protect against spam fraud and abuseliliMeasure audience engagement and site statistics to unde 1131 chars
https://consent.google.com/ml?continue=https://news.google.com/rss/articles/CBMifGh0dHBzOi8vd3d3LnJldXRlcnMuY29tL2J1c2luZXNzL3N1c3RhaW5hYmxlLWJ1c2luZXNzL2luZGlhLXBsYW5zLWdyZWVuLWh5ZHJvZ2VuLWluY2VudGl2ZXMtbGVhc3QtMTAtY29zdC1zb3VyY2UtMjAyMy0wNC0wNS_SAQA?oc%3D5&gl=FR&hl=en-US&cm=2&pc=n&src=1,India plans green hydrogen incentives of at least 10 of cost source  Reuterscom,India plans green hydrogen incentives of at least 10 of cost source Reuterscom,We use cookies and data toulliDeliver and maintain Google servicesliliTrack outages and protect against spam fraud and abuseliliMeasure audience engagement and site statistics to unde 1131 chars
